{"51": {"0": 15.526375980804021, "1": 11.57857808714578, "2": 19.947227116327213, "3": 30.14172302609594, "4": 20.445479199356306}, "52": {"0": 18.60079947645748, "1": 12.844582310785556, "2": 21.595740317387566, "3": 31.50070069629614, "4": 21.099065814418555}, "53": {"0": 18.274697634266023, "1": 14.82333592606387, "2": 23.5145169749838, "3": 34.066129107300235, "4": 19.015089734436874}, "54": {"0": 16.82142008707888, "1": 18.70654636641113, "2": 25.246076433520276, "3": 36.0345353456474, "4": 22.711989868913346}, "55": {"0": 18.181025490923716, "1": 20.736705390873333, "2": 23.249580648810785, "3": 38.040963233330146, "4": 23.14617165187009}, "56": {"0": 20.91588083731807, "1": 22.243113367073637, "2": 22.587026804596917, "3": 35.90608295841133, "4": 22.386259239988142}, "57": {"0": 20.3713109452026, "1": 19.89760488827148, "2": 21.00544873410661, "3": 34.91723056700162, "4": 23.48472320875281}, "58": {"0": 22.46788061383816, "1": 20.866800027247333, "2": 17.66917823819493, "3": 34.267331905367314, "4": 22.339181516435183}, "59": {"0": 21.694741848879236, "1": 23.043345752419413, "2": 18.41717376181039, "3": 30.315583134745893, "4": 24.292221297052908}, "60": {"0": 23.500941968758404, "1": 23.62897698577998, "2": 20.221677022248837, "3": 32.37009644628564, "4": 25.071795991176522}, "61": {"0": 24.516334733918335, "1": 21.975019251435874, "2": 21.727345110731623, "3": 29.676285385866684, "4": 25.53929253572864}, "62": {"0": 25.10836044774903, "1": 22.801711551404583, "2": 22.40836821616273, "3": 32.181096325156034, "4": 27.109439962907828}, "63": {"0": 26.65569053030482, "1": 23.184776841109056, "2": 23.685535952421006, "3": 31.074310964821827, "4": 26.87618537120853}, "64": {"0": 26.384179437117318, "1": 23.613357653607576, "2": 23.68079292286146, "3": 33.27089750096024, "4": 27.185500973189004}, "65": {"0": 24.762651493356074, "1": 23.83724275993475, "2": 23.269367965255995, "3": 34.124089409941035, "4": 24.832612835278685}, "66": {"0": 24.260106103564034, "1": 23.592194630593696, "2": 22.67219098418315, "3": 29.92175987403478, "4": 25.04401444877827}, "67": {"0": 25.78084180967302, "1": 25.622879228187895, "2": 21.840312294441457, "3": 28.58842095856182, "4": 24.781461314585552}, "68": {"0": 25.914564125690525, "1": 24.186282578765407, "2": 21.86957159079898, "3": 30.94244447834714, "4": 23.998279986936954}, "69": {"0": 26.093071970666973, "1": 25.523390655055866, "2": 21.475185015401227, "3": 27.976426383693163, "4": 23.282462574404835}, "70": {"0": 26.360007202791554, "1": 26.42740154067317, "2": 23.180319269719476, "3": 34.997341480485666, "4": 25.23523419462518}, "71": {"0": 25.598558850978552, "1": 25.338871555131355, "2": 23.41777778441744, "3": 28.50162014286711, "4": 24.14717608547106}, "72": {"0": 24.815121924631427, "1": 25.928384841663146, "2": 23.82930547709152, "3": 29.749992331374504, "4": 24.316820415154787}, "73": {"0": 24.697920914084943, "1": 25.845138757787776, "2": 24.6363262197842, "3": 32.98385520823389, "4": 24.83594097207142}, "74": {"0": 24.297640956631597, "1": 25.499703376685915, "2": 24.84551011956042, "3": 37.710094243379004, "4": 24.62651896674095}, "75": {"0": 24.033472724224097, "1": 26.16554820274586, "2": 24.375877040388314, "3": 34.45997827805878, "4": 26.685093642904487}, "76": {"0": 23.891958629551944, "1": 26.755980872482287, "2": 25.238458754346905, "3": 38.16423579275691, "4": 25.85643368378244}, "77": {"0": 23.901120027114857, "1": 26.38040640984259, "2": 25.221503003643477, "3": 32.89774191334853, "4": 25.132025030209522}, "78": {"0": 24.369443258056922, "1": 25.106918720661106, "2": 26.59818020757021, "3": 33.39439651984869, "4": 25.269849268348118}, "79": {"0": 25.040228239440605, "1": 26.553577475999738, "2": 25.571495053130253, "3": 31.949020451225113, "4": 25.463151240634314}, "80": {"0": 23.60937366167045, "1": 26.39503545801395, "2": 26.993716232950135, "3": 32.82243498724833, "4": 25.514101663119682}, "81": {"0": 23.736166406037473, "1": 25.655387756218357, "2": 27.05440016098475, "3": 28.6911076727101, "4": 24.006238109654166}, "82": {"0": 24.558818790825622, "1": 25.735741953391283, "2": 28.516902552590853, "3": 25.406803761681836, "4": 26.67036949407172}, "83": {"0": 25.592381127969915, "1": 25.512968169241024, "2": 27.92427742337742, "3": 26.596130483846167, "4": 26.582600032097496}, "84": {"0": 23.406856570543095, "1": 25.459558317407094, "2": 28.93287585961501, "3": 36.847987744019136, "4": 26.67413249132115}, "85": {"0": 25.159864837407767, "1": 26.643908394664173, "2": 28.24360141354577, "3": 26.049055773895965, "4": 24.45919368624072}, "86": {"0": 26.164001145838537, "1": 26.45747790607935, "2": 27.232275531978374, "3": 22.971354240856904, "4": 26.89860380466919}, "87": {"0": 28.25631982210229, "1": 27.623027902079468, "2": 27.907133981139797, "3": 21.943818376763662, "4": 27.70785525742659}, "88": {"0": 27.44836653425631, "1": 26.389979806363286, "2": 29.464045589391972, "3": 30.049389885484466, "4": 26.460941096496594}, "89": {"0": 30.80671340962756, "1": 27.92062726903194, "2": 29.981787988336077, "3": 24.014680266839974, "4": 28.34322409857362}, "90": {"0": 29.988694308443918, "1": 27.407365449153094, "2": 30.83825461830856, "3": 24.823525181091945, "4": 28.25003954179743}, "91": {"0": 30.84110019671636, "1": 28.138013386143886, "2": 30.326818871131305, "3": 24.32994825149645, "4": 28.815314925196915}, "92": {"0": 31.975917875098844, "1": 28.479138416836967, "2": 29.61408949596924, "3": 24.532762480793167, "4": 29.745134477275144}, "93": {"0": 31.52770694739192, "1": 27.684183124835307, "2": 30.643773300225888, "3": 27.262600033526496, "4": 27.95829146730238}, "94": {"0": 33.66845120361785, "1": 28.696935690681837, "2": 30.917704036620975, "3": 27.507367948715046, "4": 28.490662635800295}, "95": {"0": 33.27580992930935, "1": 28.368402950455295, "2": 32.30820343047854, "3": 30.99570977215776, "4": 29.077837628002346}, "96": {"0": 31.340202152783345, "1": 29.695651848914967, "2": 31.859636913839967, "3": 39.06509531545622, "4": 30.7645597623449}, "97": {"0": 32.83146730129045, "1": 30.73568556021495, "2": 32.07211425326095, "3": 31.904528394590017, "4": 30.935720524837453}, "98": {"0": 32.31561385559118, "1": 30.328781904932516, "2": 33.33310807503341, "3": 46.505663670030565, "4": 32.3907816154922}, "99": {"0": 32.075492188444606, "1": 31.184987503605928, "2": 34.02102622359267, "3": 38.53811862415995, "4": 31.74649109324207}, "100": {"0": 33.93080124371474, "1": 30.554910962480587, "2": 32.976751454106726, "3": 39.596181340164144, "4": 32.69528497459608}, "101": {"0": 34.65241491312598, "1": 32.06713892447607, "2": 34.372019034559344, "3": 41.200693529645044, "4": 31.993408556097023}, "102": {"0": 36.46069787080746, "1": 32.1049126042027, "2": 35.350311155323254, "3": 46.37549900730741, "4": 35.222837396690664}, "103": {"0": 35.03260679243704, "1": 31.80656352737336, "2": 35.26922721926433, "3": 37.782608412371, "4": 32.119798727709934}, "104": {"0": 35.23719753704769, "1": 32.697191905632316, "2": 35.50276826914956, "3": 45.27416300686803, "4": 32.22687039757868}, "105": {"0": 37.129992494559836, "1": 33.5822408452084, "2": 35.05044463184475, "3": 47.09374822054385, "4": 35.02450638071316}, "106": {"0": 36.91216588785737, "1": 34.53567708070785, "2": 37.32722176624399, "3": 48.99088670916321, "4": 36.045324707546285}, "107": {"0": 34.309059776746295, "1": 33.65168021598721, "2": 36.861074928952306, "3": 40.61340531566706, "4": 37.16409539939322}, "108": {"0": 35.39876823301038, "1": 35.36221748016374, "2": 37.074082744631305, "3": 46.731096167189556, "4": 38.257469350980855}, "109": {"0": 37.05154046489351, "1": 35.51443275753789, "2": 36.999222362745414, "3": 51.279675471340134, "4": 36.412511785367826}, "110": {"0": 38.7743911225376, "1": 36.10132325530799, "2": 38.38983655338618, "3": 50.345400886713264, "4": 37.622125307591965}, "111": {"0": 36.91944319183984, "1": 36.539310923954275, "2": 38.72543046278797, "3": 43.876749168779796, "4": 38.815798806006384},