{"51": {"0": 14.453225727977463, "1": 13.748204026155395, "2": 9.880443098742594, "3": 8.95868020140298, "4": 10.418854876703687}, "52": {"0": 14.402918644900884, "1": 14.386640074807888, "2": 10.023832022324758, "3": 12.243271064975724, "4": 10.424061498439741}, "53": {"0": 14.567469858174245, "1": 13.295691854909158, "2": 10.922075508487167, "3": 14.630061525559148, "4": 11.531872922566704}, "54": {"0": 12.660700290685059, "1": 16.01889994577859, "2": 12.250093916561434, "3": 13.066690205461923, "4": 10.67683959873308}, "55": {"0": 13.373015523518887, "1": 18.32049622424033, "2": 13.70323664986916, "3": 15.61245625321638, "4": 15.432576345378902}, "56": {"0": 14.961260358203086, "1": 20.722799482787828, "2": 14.873235087190206, "3": 13.897135768335575, "4": 11.161049641523888}, "57": {"0": 17.119377812668315, "1": 22.268798519309403, "2": 15.105273716488755, "3": 16.939156885677086, "4": 11.983146478035476}, "58": {"0": 19.72861351785652, "1": 21.801301536305694, "2": 15.873457743865856, "3": 17.7745024379396, "4": 14.255004004020016}, "59": {"0": 21.614786731574785, "1": 20.91100346034226, "2": 17.640944499692147, "3": 18.05426610584324, "4": 17.309375863163787}, "60": {"0": 22.58768044026673, "1": 19.350382453503567, "2": 17.30114184457922, "3": 18.17234271241334, "4": 18.291387641347615}, "61": {"0": 23.483827892486456, "1": 17.41530907363883, "2": 16.800205156801038, "3": 16.992722825395475, "4": 18.09447499760659}, "62": {"0": 22.83817623560549, "1": 18.190295413077816, "2": 17.81088475442364, "3": 15.06395134160094, "4": 19.613614742609375}, "63": {"0": 25.00285359636827, "1": 17.212252828412858, "2": 17.151586171556744, "3": 15.033619351787685, "4": 17.88291874992418}, "64": {"0": 22.650261333010747, "1": 18.23404853323656, "2": 18.07909725479389, "3": 16.48568505932322, "4": 17.872368411639588}, "65": {"0": 20.783746196551803, "1": 19.54026034001801, "2": 17.15292629360757, "3": 19.403847027923852, "4": 18.00888726618215}, "66": {"0": 21.326508141462902, "1": 21.112300620368707, "2": 16.487771964824404, "3": 20.934193887876233, "4": 19.16624939852115}, "67": {"0": 20.825119375366352, "1": 21.576022452182965, "2": 16.25597811841853, "3": 22.333199696437845, "4": 20.682405727914055}, "68": {"0": 19.499420152101912, "1": 21.34183562319854, "2": 18.082164910397147, "3": 24.2327041596636, "4": 21.14050994969686}, "69": {"0": 19.950633386763588, "1": 22.20591461983133, "2": 18.83158802074778, "3": 24.355246484062484, "4": 22.362972753526687}, "70": {"0": 19.403001454911895, "1": 22.783220502481033, "2": 20.130416934410228, "3": 24.234263976751976, "4": 22.704088774185625}, "71": {"0": 18.661639953158076, "1": 22.803098698474102, "2": 19.88638700448863, "3": 24.237991158818122, "4": 23.260380646217595}, "72": {"0": 19.767035222388348, "1": 22.519202378265994, "2": 20.612867397795355, "3": 24.738232944838387, "4": 23.543619510557726}, "73": {"0": 21.406552095290813, "1": 23.13584902749396, "2": 21.185142608578385, "3": 24.48313277114658, "4": 23.730741110242516}, "74": {"0": 20.51274533352265, "1": 22.183444781397203, "2": 21.834026773318374, "3": 24.93081674681226, "4": 24.48693918220452}, "75": {"0": 20.75503747774536, "1": 22.573282698185217, "2": 22.799946444843837, "3": 24.986696771871312, "4": 24.365868026912683}, "76": {"0": 20.78543116658079, "1": 22.789481049315572, "2": 22.773996259437393, "3": 24.413013075111635, "4": 25.19408520442887}, "77": {"0": 20.575237742594076, "1": 23.061097496027777, "2": 23.188222992259405, "3": 24.866988360442363, "4": 26.362333852508304}, "78": {"0": 21.333012880035675, "1": 22.6813998011871, "2": 22.77928335084883, "3": 24.72987278327253, "4": 25.985155662107587}, "79": {"0": 22.391797467112617, "1": 23.67101159976059, "2": 23.042831691924334, "3": 24.663483816629434, "4": 27.333398400788987}, "80": {"0": 22.24094288611879, "1": 23.00061630047279, "2": 23.93738050468171, "3": 25.13920863320979, "4": 27.233709173301047}, "81": {"0": 22.572204611141515, "1": 24.39896532066101, "2": 24.28869744568911, "3": 24.448962609550815, "4": 27.73638036098239}, "82": {"0": 22.267275540919943, "1": 24.67628213657697, "2": 24.98319213634666, "3": 24.021102514981575, "4": 27.83373084856051}, "83": {"0": 22.14463551004491, "1": 23.91432822719291, "2": 25.097936496801935, "3": 23.853767980457814, "4": 28.919908953951413}, "84": {"0": 22.549349683260917, "1": 23.264238598583734, "2": 26.345956797898776, "3": 24.326512214416024, "4": 29.393168579554516}, "85": {"0": 24.389507282246072, "1": 23.40695464230262, "2": 27.488022454715864, "3": 24.24914030078193, "4": 29.265595079146514}, "86": {"0": 24.49013343925725, "1": 22.988684455075592, "2": 27.527021293066447, "3": 23.62941965444486, "4": 30.36813389601881}, "87": {"0": 23.41002615176481, "1": 23.57641005150968, "2": 28.630754900664048, "3": 23.956501266908063, "4": 30.300699224350335}, "88": {"0": 23.740262150876546, "1": 24.163298143546903, "2": 28.580286803131578, "3": 23.705810056030636, "4": 30.12362417142011}, "89": {"0": 24.32801276931662, "1": 23.495137823776503, "2": 29.921704932955507, "3": 23.475447064162886, "4": 31.344392555132348}, "90": {"0": 25.462495764015934, "1": 24.331549765353913, "2": 30.546622394585025, "3": 23.226912242794008, "4": 31.7265499071577}, "91": {"0": 26.486957250151885, "1": 23.676340387895905, "2": 30.902882123662305, "3": 22.94562969150419, "4": 32.14965301047509}, "92": {"0": 26.209294726118276, "1": 25.87114057712516, "2": 32.35494602149699, "3": 22.404089120804706, "4": 32.44396176203465}, "93": {"0": 27.646984947400128, "1": 24.278992370827208, "2": 31.278108470475136, "3": 23.140128680390145, "4": 32.99663438728211}, "94": {"0": 27.024492485411617, "1": 26.470712462042886, "2": 32.61804027134383, "3": 22.25289546935367, "4": 32.81740581423139}, "95": {"0": 26.872412331533333, "1": 27.241253595757605, "2": 31.962594591076495, "3": 22.71537948232846, "4": 33.037030973447806}, "96": {"0": 27.59624108394867, "1": 27.619645965507583, "2": 33.017699365305, "3": 22.108665484308254, "4": 33.94986805696896}, "97": {"0": 28.715266407668096, "1": 26.73082266118494, "2": 32.20194137731487, "3": 22.072054797946095, "4": 34.37083216851409}, "98": {"0": 29.719946298485414, "1": 27.931893597840126, "2": 32.13506393248471, "3": 21.48089813158248, "4": 35.46127944576181}, "99": {"0": 30.412568277805992, "1": 28.66371397621119, "2": 35.13745336766595, "3": 21.68990478768232, "4": 35.80545683096045}, "100": {"0": 29.98467332386445, "1": 28.698462726691123, "2": 33.452702303961985, "3": 20.793707628756405, "4": 35.806058939387796}, "101": {"0": 31.74708382401104, "1": 30.034046839619112, "2": 35.68644144807111, "3": 21.124813727081236, "4": 36.73744893969091}, "102": {"0": 30.812842406217733, "1": 29.865277433740456, "2": 36.182174733584, "3": 20.382695868719892, "4": 36.97919507875151}, "103": {"0": 32.64357673822098, "1": 29.171529031178046, "2": 37.177426194867564, "3": 20.140897042058377, "4": 37.95839556389465}, "104": {"0": 32.716069457162114, "1": 29.972820556838478, "2": 36.65088721340315, "3": 20.223512314194505, "4": 38.500253627588556}, "105": {"0": 32.744314181079105, "1": 29.582834272343753, "2": 37.96344199925358, "3": 19.6318386407107, "4": 39.54974074229084}, "106": {"0": 34.821386672964465, "1": 30.149351343599893, "2": 38.34501804139146, "3": 19.32289666429525, "4": 39.75972180468326}, "107": {"0": 35.06343477145361, "1": 31.725330969977822, "2": 37.18364244702914, "3": 19.171177022977076, "4": 40.18852619346008}, "108": {"0": 35.54640958419079, "1": 32.83209009461254, "2": 39.08296651228224, "3": 19.279162687812548, "4": 40.64260554620164}, "109": {"0": 35.788065478162444, "1": 31.780123578177278, "2": 39.72447439069805, "3": 19.921765729860535, "4": 42.09411545725269}, "110": {"0": 35.253724299284706, "1": 34.20900009971539, "2": 40.66969466165582, "3": 20.1949890379881, "4": 42.35870479760198}, "111": {"0": 39.302217384488635, "1": 34.13655826078861, "2": 40.837042043277364, "3": 20.42759666933662, "4": 42.805444945275376},