{"51": {"0": 28.00094657109212, "1": 10.255891201179425, "2": 16.973751204046675, "3": 22.368310204051852, "4": 22.58534601743678, "5": 18.280461896273607, "6": 19.244730011087587, "7": 19.23373693874297, "8": 17.773379060652992, "9": 15.622399466096951}, "52": {"0": 26.436887322968225, "1": 10.965875294969367, "2": 21.557011231754917, "3": 25.390064947359864, "4": 23.737990386781597, "5": 19.069286937329082, "6": 26.035898727495102, "7": 18.76297790871085, "8": 21.154364203572086, "9": 17.243258536466836}, "53": {"0": 29.539980401270082, "1": 15.607205039823505, "2": 25.29844071009266, "3": 27.39041587704075, "4": 28.060979719216064, "5": 21.326980867453678, "6": 29.466402940715167, "7": 21.019775198700763, "8": 22.698119776564333, "9": 19.78727335381341}, "54": {"0": 30.682226157112304, "1": 18.951161739846793, "2": 26.793921444023255, "3": 30.4332725521988, "4": 27.31823071426485, "5": 23.281079450484537, "6": 30.628551194168008, "7": 22.842061026491464, "8": 22.98748187187565, "9": 22.433928415174332}, "55": {"0": 32.18126666489989, "1": 24.029309251483596, "2": 29.434881364501383, "3": 31.484802913058473, "4": 30.691774689290483, "5": 23.019405879102063, "6": 30.477123963459764, "7": 25.936129362491556, "8": 27.485214142403763, "9": 25.074333338134423}, "56": {"0": 34.38099742710403, "1": 26.33268993075814, "2": 31.115456670306155, "3": 29.450527569390278, "4": 33.17898659292228, "5": 23.180636267731348, "6": 32.59905405892363, "7": 25.91213735954728, "8": 27.583322089243808, "9": 26.158336433935265}, "57": {"0": 32.83422820470864, "1": 28.555314746545502, "2": 33.183754213980954, "3": 28.09884690415805, "4": 31.74479303060041, "5": 25.556292895725495, "6": 40.08419427156174, "7": 27.797603728268225, "8": 32.44917028417553, "9": 29.225786256661248}, "58": {"0": 30.668079331111002, "1": 25.755675804029824, "2": 32.229617924930686, "3": 31.490407757153342, "4": 29.62280424053728, "5": 25.212836850638435, "6": 32.39810844487393, "7": 29.572266936018107, "8": 30.848285096781442, "9": 26.900781112018603}, "59": {"0": 31.343668958777684, "1": 25.097093418959698, "2": 33.643126227186386, "3": 31.73274345177956, "4": 27.797922590599104, "5": 28.811890314557516, "6": 38.91434218355813, "7": 36.041263833454934, "8": 35.10976722381115, "9": 28.756432313542643}, "60": {"0": 31.37937797714837, "1": 28.2231233819872, "2": 32.309425900394025, "3": 33.27854175870486, "4": 32.88622657506452, "5": 33.38354043211694, "6": 36.641916756905275, "7": 35.83001096578356, "8": 32.641301706551126, "9": 35.19686178226933}, "61": {"0": 32.62892459326684, "1": 28.89954394026878, "2": 31.20448864489469, "3": 34.96703445139682, "4": 33.47250084394353, "5": 31.607508785383335, "6": 33.06106277624661, "7": 34.38007930880958, "8": 33.63610489515077, "9": 36.736134447996896}, "62": {"0": 33.18851606698284, "1": 30.450759862985844, "2": 31.54323961383465, "3": 34.80914074718298, "4": 32.667898420625974, "5": 29.902887933190986, "6": 35.20933211548159, "7": 35.52262354904539, "8": 30.03905248683062, "9": 40.229021850404166}, "63": {"0": 34.27543067205602, "1": 35.22148783732519, "2": 31.456504659430294, "3": 35.17583392060456, "4": 32.58927740303013, "5": 30.659802330354612, "6": 31.632168107184757, "7": 34.46293494831337, "8": 32.07419643406317, "9": 37.76719159339023}, "64": {"0": 37.327613023250144, "1": 37.17399655210361, "2": 35.43057641576615, "3": 36.291650663630506, "4": 34.746346350350414, "5": 33.58334262783676, "6": 33.59439996128341, "7": 34.44889244620943, "8": 35.61699981584045, "9": 36.51612920843018}, "65": {"0": 38.91788046479018, "1": 40.30530710597625, "2": 40.17123279038953, "3": 35.820803823412156, "4": 35.28693517472288, "5": 36.28656979673998, "6": 30.412206625134075, "7": 36.817098208535846, "8": 38.61099634275278, "9": 35.33583833548024}, "66": {"0": 41.38424051843979, "1": 43.52387848765488, "2": 45.42220735470613, "3": 36.40557238771941, "4": 34.00483076621927, "5": 41.9370925256402, "6": 30.661950561602904, "7": 42.24430691170806, "8": 41.99676711794172, "9": 32.17716593497442}, "67": {"0": 42.689587592041, "1": 44.033017569486745, "2": 50.49032987362784, "3": 35.88409646915297, "4": 35.14616294968644, "5": 47.339683116350216, "6": 30.502291869877567, "7": 45.2398051943127, "8": 42.950392022068094, "9": 32.160421473412185}, "68": {"0": 42.68749984780676, "1": 45.59850684494878, "2": 53.65320082118128, "3": 38.910418416922546, "4": 37.80234851565109, "5": 51.1139887904711, "6": 31.249306621068417, "7": 48.50839951098468, "8": 42.25992101953667, "9": 29.09282911114548}, "69": {"0": 46.40995934438192, "1": 47.25108782028226, "2": 60.043680688978924, "3": 36.25331219077227, "4": 39.36975301054404, "5": 58.353345156138175, "6": 30.07658172437282, "7": 51.27443711805413, "8": 43.52973461964663, "9": 27.555567684721}, "70": {"0": 46.665794843144475, "1": 47.33945967572299, "2": 65.02134555703576, "3": 38.445024598175095, "4": 43.16355979488695, "5": 63.88288690713395, "6": 29.92583135584903, "7": 53.15982087434771, "8": 42.956885906811245, "9": 29.028270762527246}, "71": {"0": 48.483392026958256, "1": 48.14043411839021, "2": 70.87521095741998, "3": 38.49810230829481, "4": 47.84634781924229, "5": 70.78192460663588, "6": 32.903700794025646, "7": 56.01175135228732, "8": 44.77276842725069, "9": 28.60928246842843}, "72": {"0": 49.71093518056606, "1": 47.26205355684857, "2": 77.02229174320763, "3": 35.954284655713565, "4": 50.12145170761425, "5": 75.61999496639906, "6": 34.606313528096656, "7": 57.89601148786435, "8": 46.13891922532071, "9": 29.329268661508774}, "73": {"0": 53.42345528380486, "1": 49.26937662720201, "2": 81.66831792283313, "3": 36.562192461721516, "4": 53.789140804218654, "5": 81.31457870494481, "6": 36.66917842580247, "7": 58.801115067909244, "8": 47.023374409057034, "9": 27.64729224569347}, "74": {"0": 53.17082308442394, "1": 49.9974729429589, "2": 88.76697423989032, "3": 36.554353691527936, "4": 57.93267156227012, "5": 86.15867514245271, "6": 37.91211533092193, "7": 59.568872986660715, "8": 47.3620934130351, "9": 30.45036045470732}, "75": {"0": 55.24735067332535, "1": 50.54981280468715, "2": 93.47589116895588, "3": 36.72527537699314, "4": 61.192147553977506, "5": 93.0009735194366, "6": 38.11729754990055, "7": 61.28360184384045, "8": 47.37222659693529, "9": 30.466526191533568}, "76": {"0": 55.289967668570974, "1": 52.418916099630266, "2": 99.66733580470452, "3": 36.88642971455313, "4": 63.13085812032303, "5": 97.69534540901738, "6": 38.15288761775221, "7": 62.16351136529903, "8": 49.21404158975561, "9": 31.36056963185345}, "77": {"0": 57.393977204308186, "1": 52.11216160514945, "2": 105.17333279957607, "3": 38.53250339588971, "4": 65.9292849567868, "5": 102.00066995719335, "6": 37.07734533590725, "7": 62.626994334329694, "8": 51.03390732270561, "9": 31.116933428828325}, "78": {"0": 55.575535947878244, "1": 51.703096123359295, "2": 112.21456487897896, "3": 39.28450525521284, "4": 67.71128679233617, "5": 107.28240010202789, "6": 36.355435960281554, "7": 64.08337372400896, "8": 49.10649487777309, "9": 32.6370570805333}, "79": {"0": 54.79601945979163, "1": 52.39006206651856, "2": 118.1242849526537, "3": 40.1554799303004, "4": 68.0178591358107, "5": 112.27787815943877, "6": 37.43171740619531, "7": 65.60833551892179, "8": 51.31500659068068, "9": 32.09387701300507}, "80": {"0": 54.676410890498836, "1": 55.02713546170336, "2": 122.39406168408277, "3": 41.58434908001528, "4": 68.64034837057156, "5": 115.96742566188259, "6": 38.23519036466853, "7": 67.02078165889932, "8": 51.249150155127126, "9": 32.00883443572302}, "81": {"0": 50.42319154806016, "1": 53.680890974702656, "2": 127.02046848202643, "3": 42.98652863091452, "4": 68.6958170111853, "5": 118.06846625180181, "6": 39.83247173099803, "7": 68.15857388640825, "8": 51.7187836764826, "9": 31.030309711131707}, "82": {"0": 50.062512309632304, "1": 54.44755064119225, "2": 133.90961526445054, "3": 43.4546410346148, "4": 69.30645415837188, "5": 119.56633798079446, "6": 39.66402004185778,