{"51": {"0": 16.767801034224547, "1": 17.664906136973457, "2": 28.153550194546902, "3": 17.684366177831922, "4": 13.969378124400448, "5": 17.825436261879837, "6": 19.298335236416445}, "52": {"0": 20.930542172826236, "1": 18.462794190847077, "2": 34.16248293825918, "3": 22.606589731427935, "4": 17.96610032868606, "5": 18.616179688866893, "6": 20.42776882824545}, "53": {"0": 25.401430450406497, "1": 22.294469612368744, "2": 37.93112064302355, "3": 22.063534901342315, "4": 20.06465157267643, "5": 20.904177933941753, "6": 22.076850438344923}, "54": {"0": 30.44284716795828, "1": 25.026200222483194, "2": 39.84222845835549, "3": 21.366711521273558, "4": 20.605880003358493, "5": 22.71037486908528, "6": 23.15441087245218}, "55": {"0": 34.75160332198377, "1": 22.682051301461318, "2": 40.44598220576889, "3": 21.503417704656208, "4": 22.6264091462691, "5": 23.94853315181072, "6": 27.623989302989262}, "56": {"0": 35.44640606537823, "1": 24.427723260794288, "2": 39.82819433536426, "3": 21.04204544869933, "4": 22.400799539426117, "5": 26.49887307356423, "6": 31.592136104256586}, "57": {"0": 33.01932686177423, "1": 21.72632754559651, "2": 36.91961805456688, "3": 21.815270540115478, "4": 21.805592412689204, "5": 29.14530400204774, "6": 32.434147006705594}, "58": {"0": 32.95504219236553, "1": 25.577387882892822, "2": 31.814902463633615, "3": 25.106343599399803, "4": 21.604010841982348, "5": 33.096861331674276, "6": 34.07328590088597}, "59": {"0": 29.56660996326264, "1": 30.102698953743722, "2": 29.786157117771634, "3": 28.447041687411822, "4": 24.965238771085975, "5": 30.13089942639421, "6": 34.331728021443475}, "60": {"0": 26.943943446608507, "1": 28.886563104918, "2": 29.699368379846085, "3": 27.663748205383314, "4": 21.676685955478128, "5": 28.426102439318107, "6": 32.637504464058225}, "61": {"0": 29.957194623179056, "1": 34.13812245963117, "2": 32.37865672999297, "3": 28.84368045434072, "4": 24.554231857492862, "5": 28.56126113199719, "6": 34.26291368632208}, "62": {"0": 32.8747382014979, "1": 33.73829595037133, "2": 36.386446549369644, "3": 27.319539549705638, "4": 23.80601495052823, "5": 31.79201836807513, "6": 35.80915939777823}, "63": {"0": 34.51698207700746, "1": 34.10056385047292, "2": 39.32860377428576, "3": 25.649045514442474, "4": 24.654981937314027, "5": 33.64408260978162, "6": 36.256939188535654}, "64": {"0": 36.61060573676528, "1": 31.784665995544174, "2": 43.682273395025675, "3": 23.23264893610992, "4": 26.429458826861193, "5": 33.79053862919871, "6": 34.91020350109732}, "65": {"0": 38.56197138144357, "1": 33.610685388424514, "2": 46.60288739596465, "3": 26.189050831164344, "4": 27.724625475581586, "5": 30.32422241838942, "6": 33.56193494929047}, "66": {"0": 40.697102926135926, "1": 36.55638425794813, "2": 50.181214323576, "3": 24.754940925195243, "4": 28.982302298376144, "5": 29.58095139793647, "6": 30.839404521185124}, "67": {"0": 41.904036496596085, "1": 35.02959109710773, "2": 53.37054735099638, "3": 24.58590327389806, "4": 30.375372545069922, "5": 29.5631007283925, "6": 28.521319760756075}, "68": {"0": 42.40879216290569, "1": 32.42058776610414, "2": 54.31409990904927, "3": 24.059035483702544, "4": 31.173998436250805, "5": 30.55357491928417, "6": 30.514673825995022}, "69": {"0": 42.73545998700799, "1": 32.56281821091078, "2": 55.08425914490718, "3": 22.596544676355833, "4": 31.738973287646747, "5": 31.611831419086915, "6": 34.669549766164934}, "70": {"0": 42.29498698062547, "1": 32.1708575153241, "2": 59.45565895146885, "3": 23.099462206848646, "4": 30.860673018233992, "5": 31.672710195920974, "6": 38.755474227749666}, "71": {"0": 42.55800810086918, "1": 31.84717127068431, "2": 63.74431749498238, "3": 22.799210615069562, "4": 30.17617531183199, "5": 31.462483375783485, "6": 41.503381556001465}, "72": {"0": 43.237685794133746, "1": 30.573944395441895, "2": 67.941399610615, "3": 22.1785164365564, "4": 30.36205271729023, "5": 35.16850715478707, "6": 45.865586800327314}, "73": {"0": 43.791167377652286, "1": 31.11795130308201, "2": 71.86939210635188, "3": 23.429257159854775, "4": 29.747644566936252, "5": 35.444116096084734, "6": 46.19570875823083}, "74": {"0": 43.93840895673957, "1": 31.34821487608983, "2": 76.47782613974577, "3": 23.825381785471833, "4": 30.727256900568186, "5": 35.62416280170721, "6": 50.00255722576989}, "75": {"0": 44.25189113101996, "1": 30.282037593899048, "2": 78.0527370471137, "3": 24.125706380955208, "4": 30.528108444389662, "5": 41.0946559057308, "6": 50.84822176550641}, "76": {"0": 44.5385586656751, "1": 30.56006344037945, "2": 79.63964805428591, "3": 25.53051085269501, "4": 31.183780236765465, "5": 43.21760285006167, "6": 53.181619303802336}, "77": {"0": 45.33391180321672, "1": 29.834578050141083, "2": 81.14037493236461, "3": 24.863578530085192, "4": 32.04576268938964, "5": 45.169510872227235, "6": 54.854955827121216}, "78": {"0": 45.47447855941086, "1": 29.741750396659462, "2": 82.00562543284497, "3": 25.797548805538838, "4": 31.305547334708066, "5": 48.02803223668788, "6": 55.346241263880884}, "79": {"0": 45.50356055199959, "1": 29.31022860372603, "2": 83.50452059323166, "3": 26.53045129886108, "4": 35.02220164292514, "5": 50.64696412490223, "6": 55.63934376807047}, "80": {"0": 46.46302259175333, "1": 29.255846600672946, "2": 85.30074900916524, "3": 26.579735534614066, "4": 32.483173754177834, "5": 51.1913944916056, "6": 56.60794252997898}, "81": {"0": 47.0973151533798, "1": 28.54662378607185, "2": 86.17943290007295, "3": 27.107528952927918, "4": 32.35530045631783, "5": 52.31276927237257, "6": 58.11765413567803}, "82": {"0": 47.52597664806673, "1": 28.868358266973665, "2": 86.77750264329447, "3": 26.98802378088909, "4": 33.49309195768595, "5": 52.96374206934693, "6": 59.500578498580374}, "83": {"0": 47.73505204606312, "1": 29.502698444537877, "2": 89.30888191757047, "3": 27.786125365663178, "4": 33.19243069224293, "5": 53.866120829082504, "6": 58.507396654589364}, "84": {"0": 47.995235012441526, "1": 29.704382101470586, "2": 87.64214869942515, "3": 27.316122610051927, "4": 33.711526356158785, "5": 54.34485841769581, "6": 60.41771491109718}, "85": {"0": 49.18766597514471, "1": 29.26271673455593, "2": 88.48119378111444, "3": 28.70820063838022, "4": 34.00820407472577, "5": 55.13493419153639, "6": 61.391457184909385}, "86": {"0": 49.88737499933459, "1": 29.51212592586253, "2": 89.80444725572099, "3": 27.800321711506896, "4": 34.191175019347824, "5": 55.34860061717722, "6": 63.322007569895646}, "87": {"0": 50.20173784004756, "1": 29.73847200194471, "2": 91.49781567777028, "3": 28.389440663909667, "4": 33.53671316002056, "5": 56.34331381409953, "6": 63.22612099622805}, "88": {"0": 50.84229014981207, "1": 29.882236141134864, "2": 93.27451702617371, "3": 29.226270503632023, "4": 33.66840958712624, "5": 56.44393614278853, "6": 63.999473103296864}, "89": {"0": 52.2600721668197, "1": 29.732856410141725, "2": 93.87473607856681, "3": 29.01795130466151, "4": 33.99716472994308, "5": 56.668148137144996, "6": 64.3454131596055}, "90": {"0": 53.519587382800445, "1": 30.040219277603725, "2": 93.26392110643623, "3": 28.65600498950434, "4": 33.928096288790506, "5": 56.92723411943079, "6": 64.28613981778864}, "91": {"0": 54.62368968140951, "1": 30.217785320488545, "2": 93.90638753806904, "3": 30.074269868184828, "4": 34.33814464523239, "5": 56.56498265444929, "6": 67.01441910194751}, "92": {"0": 54.266693098965455, "1": 30.176859666314666, "2": 95.9071457595167, "3": 30.060079015441364, "4": 34.659425368742475, "5": 58.880229678555196, "6": 66.52787249438049}, "93": {"0": 56.23386578056855, "1": 31.062201952387387, "2": 95.69897863082811, "3": 30.51887990791826, "4": 35.074614224118385, "5": 57.27201172364898, "6": 69.60525632924703}, "94": {"0": 57.055510944813776, "1": 31.266601192916397, "2": 96.50428941368818, "3": 31.553940790025923, "4": 35.77340569878176, "5": 57.93510450774778, "6": 66.09807148766396}, "95": {"0": 58.05997778429719, "1": 32.617605582782346, "2": 96.66543647202137, "3": 32.460059813393926, "4": 35.921984955868695,