{"51": {"0": 103.13544002632463, "1": 103.80398006744115, "2": 51.270877218523765, "3": 123.16219104664928, "4": 75.00336876854944}, "52": {"0": 99.14861082056204, "1": 100.9530180592607, "2": 49.19431498959826, "3": 125.7485753929167, "4": 73.61689828575729}, "53": {"0": 97.16224393033647, "1": 100.92632246268171, "2": 50.44724579469828, "3": 127.98128385515076, "4": 71.59411254562659}, "54": {"0": 93.79620382697638, "1": 96.08652872500872, "2": 47.399217829733004, "3": 129.68499807221596, "4": 69.98715880344616}, "55": {"0": 91.13205239741961, "1": 91.11149414407822, "2": 45.733068129081126, "3": 132.5312092197789, "4": 71.31138742057887}, "56": {"0": 89.3625959957732, "1": 88.64591189606341, "2": 41.93280818443352, "3": 134.33906496222926, "4": 72.54597479766012}, "57": {"0": 85.33131374616254, "1": 88.05557148258649, "2": 39.725915504707345, "3": 136.3829978453447, "4": 74.71982108239315}, "58": {"0": 86.30151683251367, "1": 85.75389145754018, "2": 37.354678195241085, "3": 139.07295431419408, "4": 75.04495259244241}, "59": {"0": 84.24345922723388, "1": 81.91666564908117, "2": 34.11400733917499, "3": 141.87135376603536, "4": 78.25163863242544}, "60": {"0": 80.4920414573869, "1": 76.9141736338341, "2": 34.45730786615689, "3": 144.51314719772984, "4": 80.39387093661051}, "61": {"0": 83.69780119947393, "1": 79.00293067273492, "2": 33.8443406127148, "3": 146.45477077845584, "4": 82.3541465523872}, "62": {"0": 87.17869038087188, "1": 84.81292579584581, "2": 37.57644932007367, "3": 145.99266116275243, "4": 83.55517180767961}, "63": {"0": 90.81484976382383, "1": 88.77615931064535, "2": 38.15893502878873, "3": 148.55294657671755, "4": 86.07136698833058}, "64": {"0": 93.95068685639514, "1": 88.18499108881092, "2": 38.68320709501508, "3": 150.01060263344777, "4": 86.40322081525844}, "65": {"0": 96.64130719475558, "1": 91.98630498776376, "2": 38.68120922759962, "3": 147.7900233719268, "4": 88.4770721340967}, "66": {"0": 99.63805098565646, "1": 93.77067613586762, "2": 42.40099271184306, "3": 148.48589257112943, "4": 89.65330844820132}, "67": {"0": 99.14234585529042, "1": 95.1945751322631, "2": 44.50336336919483, "3": 149.4309145012264, "4": 88.04591235509757}, "68": {"0": 100.35133310556702, "1": 98.29212465936561, "2": 48.61733546605097, "3": 146.50175373308633, "4": 88.93472789075837}, "69": {"0": 101.6390803095006, "1": 97.46063577303201, "2": 53.495240044095915, "3": 146.12796170274245, "4": 88.97600981530537}, "70": {"0": 102.77960770688003, "1": 96.60521864960434, "2": 56.881680742259825, "3": 147.61449865481958, "4": 87.39265825765428}, "71": {"0": 101.62404648054208, "1": 97.34931579917622, "2": 59.863537387631624, "3": 145.04200544247627, "4": 87.99645254458456}, "72": {"0": 102.49289191489783, "1": 97.60663822751242, "2": 63.831867016494456, "3": 144.99434159339498, "4": 88.05079266506718}, "73": {"0": 98.35364443604638, "1": 95.44406167852439, "2": 64.21846242334395, "3": 144.31807411225094, "4": 86.79924714314956}, "74": {"0": 100.93429707305339, "1": 94.71405101820552, "2": 66.22827594879529, "3": 145.900943771593, "4": 87.68802386532214}, "75": {"0": 100.24529213625397, "1": 92.42616082490923, "2": 65.64321305646489, "3": 150.97644613148503, "4": 88.23381256799901}, "76": {"0": 100.91436256709399, "1": 95.70609817106056, "2": 65.45999916350871, "3": 155.14538450010969, "4": 87.58138954003913}, "77": {"0": 99.17947258485016, "1": 93.91719914196892, "2": 67.96082837925972, "3": 160.06159512281315, "4": 91.8202180685915}, "78": {"0": 98.07901262246436, "1": 97.3936217889958, "2": 67.24080510405952, "3": 161.5553382096866, "4": 97.17992369573287}, "79": {"0": 97.69209962097855, "1": 103.44523204055703, "2": 67.35283437649657, "3": 165.190525392728, "4": 101.638477285937}, "80": {"0": 103.7979214237208, "1": 105.99460132967272, "2": 66.66736091615562, "3": 166.93122542680425, "4": 106.23258268720171}, "81": {"0": 108.21709829276902, "1": 110.15646985354103, "2": 67.44724606823162, "3": 168.8289720879644, "4": 110.35413910505305}, "82": {"0": 111.89151782362066, "1": 115.13801420535414, "2": 67.37491711350816, "3": 169.2345668135735, "4": 114.41650272225624}, "83": {"0": 117.19643345727928, "1": 117.76440298016206, "2": 68.85479062596787, "3": 170.28009143477132, "4": 116.5944756792866}, "84": {"0": 120.90487593458909, "1": 119.96954356372846, "2": 67.26812111932988, "3": 169.0980745171388, "4": 118.61709918513418}, "85": {"0": 124.8636934613542, "1": 120.99206678200275, "2": 68.68488644411639, "3": 168.55687284055577, "4": 118.57477252308206}, "86": {"0": 126.11535895861283, "1": 122.84362124388439, "2": 67.42628166201385, "3": 167.7878882331088, "4": 119.80057671419743}, "87": {"0": 129.0401840157601, "1": 126.64919202582028, "2": 68.9993092173792, "3": 167.25709263444023, "4": 120.05087119474082}, "88": {"0": 130.84106628947708, "1": 124.26332199718635, "2": 69.39516548492848, "3": 165.30620796323993, "4": 118.84698564594807}, "89": {"0": 129.05120134534573, "1": 124.44378364459673, "2": 68.095869038937, "3": 166.42349869701425, "4": 118.62901889157158}, "90": {"0": 128.41846048308554, "1": 125.58357986827019, "2": 68.06599039552471, "3": 165.44108390738688, "4": 118.6741947906911}, "91": {"0": 127.97845876724692, "1": 126.00486356810416, "2": 69.84023385588576, "3": 165.16324702084856, "4": 118.20134460803939}, "92": {"0": 127.09530764038124, "1": 123.00600918400374, "2": 67.98217755619757, "3": 165.5394110908945, "4": 117.67962304818965}, "93": {"0": 128.35858856598253, "1": 122.47504419344813, "2": 68.61359850471503, "3": 170.74591681567662, "4": 117.17147503854476}, "94": {"0": 125.96235172003308, "1": 123.65047397967246, "2": 69.72277593848526, "3": 176.60488257533194, "4": 117.05639263690188}, "95": {"0": 126.80062352447251, "1": 120.29474908377412, "2": 68.1710785016594, "3": 180.27362197300667, "4": 117.11210883966407}, "96": {"0": 125.97616100790087, "1": 119.25212282226501, "2": 69.42543926574245, "3": 184.5438438232388, "4": 116.38137103477219}, "97": {"0": 125.89539969623002, "1": 121.03664118195474, "2": 67.76382919615192, "3": 188.2740693733813, "4": 115.94663269040676}, "98": {"0": 125.13875583333736, "1": 119.2542617350721, "2": 70.36482377838622, "3": 191.7671566647915, "4": 115.02715973216873}, "99": {"0": 125.0698190618031, "1": 121.01066984062055, "2": 69.2604324154962, "3": 193.3316526250722, "4": 115.26096805066928}, "100": {"0": 122.80723418955536, "1": 118.41201572254066, "2": 68.72295909814204, "3": 195.0677347506153, "4": 115.46802646787084}, "101": {"0": 123.39237993582547, "1": 117.45483842922097, "2": 68.95373495986203, "3": 194.51144865012358, "4": 115.43474828966116}, "102": {"0": 123.38768363697973, "1": 117.90368176186178, "2": 69.27013695719917, "3": 194.89155212464988, "4": 114.43747478827635}, "103": {"0": 122.902537856872, "1": 117.90166162728487, "2": 69.53869513238303, "3": 194.86050160595997, "4": 113.55568115021966}, "104": {"0": 123.25522060619129, "1": 117.57705706623778, "2": 69.90143278695572, "3": 194.22252370941698, "4": 114.15077255764399}, "105": {"0": 121.83434811094229, "1": 117.72206603941625, "2": 68.4317694372824, "3": 194.09311845255246, "4": 112.3081511676668}, "106": {"0": 121.30678918556492, "1": 119.98291718882705, "2": 68.5457939987423, "3": 193.32724575312315, "4": 113.44305026996359}, "107": {"0": 120.53879667986251, "1": 119.72869598957168, "2": 69.68411740830553, "3": 192.25473954923257, "4": 113.67526389249765}, "108": {"0": 119.84946533170185, "1": 118.78324239845196, "2": 69.88162337202739, "3": 191.80182583995222, "4": 112.15595169130557}, "109": {"0": 119.23236187411693, "1": 120.27234886564938, "2": 70.17325569915985, "3": 191.6662444164099, "4": 111.83931240023418}, "110": {"0": 119.3678655901272, "1": 117.53978094335355, "2": 69.22537521030233, "3": 191.31953606014463, "4": 111.62696450885561}, "111": {"0": 117.70235190312044, "1": 118.36697730164606, "2": 70.58353174251873, "3": 191.21087373840788, "4": 111.19296923912044}, "112": {"0": 117.66571104965692,